{
    "success": true,
    "score": 76.23136315228966,
    "scoreJson": {
        "score": 76.23136315228966,
        "mean_recall": 76.23136315228966,
        "r1": 57.887380191693296,
        "r5": 81.9888178913738,
        "r10": 88.81789137380191
    }
}